Hamilton Family Health Team, 43.2601025, -79.8678682
Taylor Steel Inc., 43.2289342, -79.7122439
Ladder Software Inc, 43.2217845, -79.8851137
McMaster University, 43.260879, -79.9192254
City of Hamilton, 43.2557206, -79.8711024
Pipeline Studios, 43.2579011, -79.8790195
PipeFlo Contracting Corp., 43.2563506, -79.8936456
